{
  "asintomatico": {
    "precision": 1.0,
    "recall": 1.0,
    "f1-score": 1.0,
    "support": 20
  },
  "tratamiento": {
    "precision": 0.8125,
    "recall": 0.8125,
    "f1-score": 0.8125,
    "support": 16
  },
  "aislamiento": {
    "precision": 1.0,
    "recall": 1.0,
    "f1-score": 1.0,
    "support": 7
  },
  "vulnerables": {
    "precision": 0.8333333333333334,
    "recall": 1.0,
    "f1-score": 0.9090909090909091,
    "support": 10
  },
  "lactancia": {
    "precision": 1.0,
    "recall": 1.0,
    "f1-score": 1.0,
    "support": 13
  },
  "sintomas_pregunta": {
    "precision": 0.9122807017543859,
    "recall": 0.9811320754716981,
    "f1-score": 0.9454545454545454,
    "support": 53
  },
  "inmunidad": {
    "precision": 0.8571428571428571,
    "recall": 0.6666666666666666,
    "f1-score": 0.75,
    "support": 9
  },
  "diferenciar": {
    "precision": 0.8333333333333334,
    "recall": 1.0,
    "f1-score": 0.9090909090909091,
    "support": 5
  },
  "medicinas": {
    "precision": 0.9,
    "recall": 0.6428571428571429,
    "f1-score": 0.75,
    "support": 28
  },
  "embarazo": {
    "precision": 1.0,
    "recall": 1.0,
    "f1-score": 1.0,
    "support": 11
  },
  "alimentos": {
    "precision": 1.0,
    "recall": 0.9523809523809523,
    "f1-score": 0.975609756097561,
    "support": 21
  },
  "menores": {
    "precision": 0.9666666666666667,
    "recall": 1.0,
    "f1-score": 0.983050847457627,
    "support": 29
  },
  "prevencion": {
    "precision": 0.9523809523809523,
    "recall": 0.7407407407407407,
    "f1-score": 0.8333333333333334,
    "support": 27
  },
  "consumir": {
    "precision": 1.0,
    "recall": 1.0,
    "f1-score": 1.0,
    "support": 11
  },
  "gratuito_consulta": {
    "precision": 0.6666666666666666,
    "recall": 0.5714285714285714,
    "f1-score": 0.6153846153846153,
    "support": 14
  },
  "plasma": {
    "precision": 1.0,
    "recall": 1.0,
    "f1-score": 1.0,
    "support": 21
  },
  "primeros_sintomas": {
    "precision": 0.5,
    "recall": 0.3333333333333333,
    "f1-score": 0.4,
    "support": 9
  },
  "transmision": {
    "precision": 0.9090909090909091,
    "recall": 0.9090909090909091,
    "f1-score": 0.9090909090909091,
    "support": 11
  },
  "dioxido_de_cloro": {
    "precision": 0.9827586206896551,
    "recall": 1.0,
    "f1-score": 0.9913043478260869,
    "support": 57
  },
  "tiempo_sobrevive_material": {
    "precision": 1.0,
    "recall": 0.375,
    "f1-score": 0.5454545454545454,
    "support": 8
  },
  "transmision_aire": {
    "precision": 0.9,
    "recall": 1.0,
    "f1-score": 0.9473684210526316,
    "support": 18
  },
  "ivermectina": {
    "precision": 1.0,
    "recall": 1.0,
    "f1-score": 1.0,
    "support": 21
  },
  "micro avg": {
    "precision": 0.9330024813895782,
    "recall": 0.8973747016706444,
    "f1-score": 0.9148418491484186,
    "support": 419
  },
  "macro avg": {
    "precision": 0.9102797291390344,
    "recall": 0.8629604723622734,
    "f1-score": 0.8762151426969851,
    "support": 419
  },
  "weighted avg": {
    "precision": 0.9297454813067562,
    "recall": 0.8973747016706444,
    "f1-score": 0.9072260963814556,
    "support": 419
  }
}